license_no,license_type,licensee_name,dba,address,street,city,state,zip,ssn_fein,issue_date,exp_date
2791,Community Pharmacy License,Western Drug Co Inc,,806 Illinois St Sidney NE 69162,806 Illinois St,Sidney,NE,69162,,2008-02-13,2026-07-01
610,Community Pharmacy License,Walgreens #00541,,PO Box 901 Deerfield IL 60015,PO Box 901,Deerfield,IL,60015,,1988-03-01,2026-07-01
863,Community Pharmacy License,Burwell Pharmacy,,137 Grand St PO Box 520 Burwell NE 68823,137 Grand St PO Box 520,Burwell,NE,68823,,1976-04-01,2026-07-01
1024,Community Pharmacy License,Farrell's Pharmacy,,120 W B St PO Box 667 McCook NE 69001,120 W B St PO Box 667,McCook,NE,69001,,1984-05-01,2026-07-01
1043,Community Pharmacy License,Johnson Pharmacy,,151 Maple St Friend NE 68359,151 Maple St,Friend,NE,68359,,1969-12-01,2026-07-01
1133,Community Pharmacy License,Walgreens #03621,,PO Box 901 Deerfield IL 60015,PO Box 901,Deerfield,IL,60015,,1987-06-01,2026-07-01
1147,Community Pharmacy License,Tooley Drug Co,,2615 13th St Columbus NE 68601,2615 13th St,Columbus,NE,68601,,1971-05-01,2026-07-01
1215,Community Pharmacy License,Walgreens #03694,,PO Box 901 Deerfield IL 60015,PO Box 901,Deerfield,IL,60015,,1981-04-01,2026-07-01
1250,Community Pharmacy License,Walgreen Drug Co #5143,,PO Box 901 Deerfield IL 60015,PO Box 901,Deerfield,IL,60015,,1987-06-01,2026-07-01
1268,Community Pharmacy License,Service Drug Store,,133 E 8th St Cozad NE 69130,133 E 8th St,Cozad,NE,69130,,1972-10-01,2026-07-01
1298,Community Pharmacy License,Norfolk Regional Center,,1700 N Victory Rd PO Box 1209 Norfolk NE 68702,1700 N Victory Rd PO Box 1209,Norfolk,NE,68702,,1988-10-28,2026-07-01
1362,Community Pharmacy License,Walgreens #04443,,PO Box 901 Deerfield IL 60015,PO Box 901,Deerfield,IL,60015,,1987-10-01,2026-07-01
1393,Community Pharmacy License,Walgreens #00515,,PO Box 901 Deerfield IL 60015,PO Box 901,Deerfield,IL,60015,,1985-01-01,2026-07-01
1472,Community Pharmacy License,CHI Health Pharmacy -,,7710 Mercy Rd Ste 110 Omaha NE 68124,7710 Mercy Rd Ste 110,Omaha,NE,68124,,1988-03-01,2026-07-01
1512,Community Pharmacy License,Douglas County Health,,4102 Woolworth Ave Omaha NE 68105,4102 Woolworth Ave,Omaha,NE,68105,,1978-06-01,2026-07-01
1522,Community Pharmacy License,Carl T Curtis Health,,923 Senior Circle PO Box 250 Macy NE 68039,923 Senior Circle PO Box 250,Macy,NE,68039,,1986-12-01,2026-07-01
1572,Community Pharmacy License,Walgreen Co. dba Walgreens,,PO Box 901 Deerfield IL 60015,PO Box 901,Deerfield,IL,60015,,1979-11-01,2026-07-01
1574,Community Pharmacy License,Weaver Pharmacy,,1014 G St Geneva NE 68361,1014 G St,Geneva,NE,68361,,1980-04-01,2026-07-01
3084,Community Pharmacy License,Safeway Pharmacy #0556,,Albertsons Attn PPSD 250 E Parkcenter Blvd Boise ID 83706,Albertsons,Boise,ID,83706,,2016-03-22,2026-07-01
1612,Community Pharmacy License,Walgreens #04754,,PO Box 901 Deerfield IL 60015,PO Box 901,Deerfield,IL,60015,,1987-10-01,2026-07-01
1614,Community Pharmacy License,Walgreen Co. dba Walgreens,,PO Box 901 Deerfield IL 60015,PO Box 901,Deerfield,IL,60015,,1984-01-01,2026-07-01
1662,Community Pharmacy License,Hy-Vee Pharmacy #1,,5150 Center St Omaha NE 68106,5150 Center St,Omaha,NE,68106,,1988-05-01,2026-07-01
2804,Community Pharmacy License,Hy-Vee #2,,1601 N 84th St Lincoln NE 68505,1601 N 84th St,Lincoln,NE,68505,,2008-05-05,2026-07-01
1820,Community Pharmacy License,Walgreens #04088,,PO Box 901 Deerfield IL 60015,PO Box 901,Deerfield,IL,60015,,1985-02-01,2026-07-01
1843,Community Pharmacy License,Wal-Mart Pharmacy 10-0645,,2400 W Pasewalk Ave Norfolk NE 68701,2400 W Pasewalk Ave,Norfolk,NE,68701,,1989-03-06,2026-07-01
1853,Community Pharmacy License,Walgreens #03716,,PO Box 901 Deerfield IL 60015,PO Box 901,Deerfield,IL,60015,,1988-11-17,2026-07-01
1866,Community Pharmacy License,Barnas Drug Inc,,124 W 3rd St Wilber NE 68465,124 W 3rd St,Wilber,NE,68465,,1984-12-01,2026-07-01
1883,Community Pharmacy License,Walgreens #01430,,PO Box 901 Deerfield IL 60015,PO Box 901,Deerfield,IL,60015,,1986-01-01,2026-07-01
1891,Community Pharmacy License,Hy-Vee Food and Drug,,6001 Village Dr Lincoln NE 68516,6001 Village Dr,Lincoln,NE,68516,,1985-06-01,2026-07-01
1893,Community Pharmacy License,Wal-Mart Pharmacy 10-0790,,1902 W B St McCook NE 69001,1902 W B St,McCook,NE,69001,,1985-09-01,2026-07-01
1904,Community Pharmacy License,Walgreen Co. dba Walgreens,,PO Box 901 Deerfield IL 60015,PO Box 901,Deerfield,IL,60015,,1986-02-01,2026-07-01
2649,Community Pharmacy License,Wal-Mart Pharmacy 10-0885,,1326 280th Seward NE 68434,1326 280th,Seward,NE,68434,,2005-08-12,2026-07-01
1939,Community Pharmacy License,Wal-Mart Pharmacy 10-0598,,5411 2nd Ave Kearney NE 68847,5411 2nd Ave,Kearney,NE,68847,,1986-09-01,2026-07-01
2017,Community Pharmacy License,Hy-Vee Pharmacy No. 8,,747 N 132nd St Omaha NE 68154,747 N 132nd St,Omaha,NE,68154,,1994-02-01,2026-07-01
2020,Community Pharmacy License,Super Saver Pharmacy #9,,2662 Cornhusker Highway Lincoln NE 68521,2662 Cornhusker Highway,Lincoln,NE,68521,,1988-10-12,2026-07-01
2030,Community Pharmacy License,Charlie's U-Save Pharmacy,,2029 N Lincoln Ave York NE 68467,2029 N Lincoln Ave,York,NE,68467,,1989-01-30,2026-07-01
2038,Community Pharmacy License,Gerimed Inc,,7915 N 30th St Omaha NE 68112,7915 N 30th St,Omaha,NE,68112,,1989-05-30,2026-07-01
2723,Community Pharmacy License,Wal-Mart Pharmacy 10-1332,,1601 Cornhusker Dr South Sioux City NE 68776,1601 Cornhusker Dr,South Sioux City,NE,68776,,2006-10-12,2026-07-01
2049,Community Pharmacy License,Hy-Vee Pharmacy #6,,9707 Q St Omaha NE 68127,9707 Q St,Omaha,NE,68127,,1989-08-18,2026-07-01
2644,Community Pharmacy License,Wal-Mart Pharmacy 10-0350,,101 E David Dr York NE 68467,101 E David Dr,York,NE,68467,,2005-07-05,2026-07-01
2083,Community Pharmacy License,Seward Family Pharmacy,,250 N Columbia Avenue Seward NE 68434,250 N Columbia Avenue,Seward,NE,68434,,1990-07-02,2026-07-01
2098,Community Pharmacy License,Wal-Mart Pharmacy 10-1585,,1401 S Dewey St North Platte NE 69101,1401 S Dewey St,North Platte,NE,69101,,1990-12-06,2026-07-01
2117,Community Pharmacy License,Hy-Vee Pharmacy #4,,10808 Fort St Omaha NE 68164,10808 Fort St,Omaha,NE,68164,,1991-05-20,2026-07-01
2121,Community Pharmacy License,Russ's Pharmacy #1,,1709 Washington St Lincoln NE 68502,1709 Washington St,Lincoln,NE,68502,,1991-06-17,2026-07-01
2160,Community Pharmacy License,Walgreens #02845,,PO Box 901 Deerfield IL 60015,PO Box 901,Deerfield,IL,60015,,1992-09-24,2026-07-01
2176,Community Pharmacy License,Wal-Mart Pharmacy 10-1943,,4700 N 27th St Lincoln NE 68521,4700 N 27th St,Lincoln,NE,68521,,1993-04-02,2026-07-01
2184,Community Pharmacy License,Walgreens #05736,,PO Box 901 Deerfield IL 60015,PO Box 901,Deerfield,IL,60015,,1993-07-12,2026-07-01
2873,Community Pharmacy License,Hy-Vee Pharmacy #2,,14591 Stony Brook Blvd Omaha NE 68137,14591 Stony Brook Blvd,Omaha,NE,68137,,2010-07-12,2026-07-01
2747,Community Pharmacy License,Wal-Mart Pharmacy 10-0418,,2831 Hwy 15 Fairbury NE 68352,2831 Hwy 15,Fairbury,NE,68352,,2007-04-03,2026-07-01
2207,Community Pharmacy License,Walgreens #03182,,PO Box 901 Deerfield IL 60015,PO Box 901,Deerfield,IL,60015,,1994-04-18,2026-07-01
2236,Community Pharmacy License,Walgreens #03186,,PO Box 901 Deerfield IL 60015,PO Box 901,Deerfield,IL,60015,,1995-01-17,2026-07-01
2241,Community Pharmacy License,Wal-Mart Pharmacy 10-0776,,3010 E 23rd St Fremont NE 68025,3010 E 23rd St,Fremont,NE,68025,,1995-03-03,2026-07-01
2253,Community Pharmacy License,Walgreens #03202,,PO Box 901 Deerfield IL 60015,PO Box 901,Deerfield,IL,60015,,1995-07-20,2026-07-01
2261,Community Pharmacy License,Korbel Drug Inc,,405 5th St Fairbury NE 68352-2501,405 5th St,Fairbury,NE,68352-2501,,1995-11-14,2026-07-01
2274,Community Pharmacy License,Good Life Discount Pharmacy,,125 S 16th St Ord NE 68862,125 S 16th St,Ord,NE,68862,,1996-02-09,2026-07-01
2283,Community Pharmacy License,Charles Drew Health Center,,2915 Grant St Omaha NE 68111,2915 Grant St,Omaha,NE,68111,47-0666715,1996-05-06,2026-07-01
2289,Community Pharmacy License,Hasselbalch Pharmacy,,143 S 3rd St Tecumseh NE 68450,143 S 3rd St,Tecumseh,NE,68450,,1996-06-28,2026-07-01
2299,Community Pharmacy License,Western Nebraska Veterans,,1102 W 42nd St Scottsbluff NE 69361,1102 W 42nd St,Scottsbluff,NE,69361,,1996-08-27,2026-07-01
2305,Community Pharmacy License,Hy-Vee Pharmacy #1387,,5020 N 27th St Lincoln NE 68521-1196,5020 N 27th St,Lincoln,NE,68521-1196,,1996-09-26,2026-07-01
2315,Community Pharmacy License,The Osmond Pharmacy,,322 State St PO Box 36 Osmond NE 68765,322 State St PO Box 36,Osmond,NE,68765,,1997-04-23,2026-07-01
2325,Community Pharmacy License,Hy-Vee Pharmacy #2 (1461),,2107 Taylor Ave Norfolk NE 68701,2107 Taylor Ave,Norfolk,NE,68701,,1997-07-02,2026-07-01
2327,Community Pharmacy License,Hy-Vee Pharmacy #1 (1460),,120 E Norfolk Ave Norfolk NE 68701,120 E Norfolk Ave,Norfolk,NE,68701,,1997-07-07,2026-07-01
2334,Community Pharmacy License,Good Life Long Term Care,,125 S 16th St Ste A Ord NE 68862,125 S 16th St Ste A,Ord,NE,68862,,1997-09-03,2026-07-01
2336,Community Pharmacy License,Hy-Vee Pharmacy #5 (1470),,7910 Cass St Omaha NE 68114,7910 Cass St,Omaha,NE,68114,,1997-09-12,2026-07-01
2340,Community Pharmacy License,The Nebraska Medical Center,,989200 Nebraska Medical Center Omaha NE 68198-9200,989200 Nebraska Medical Center,Omaha,NE,68198-9200,,1997-10-23,2026-07-01
2350,Community Pharmacy License,Wal-Mart Pharmacy 10-2579,,510 Linden St Chadron NE 69337,510 Linden St,Chadron,NE,69337,,1998-01-13,2026-07-01
3082,Community Pharmacy License,Russ's Pharmacy #2,,4554 W St Lincoln NE 68503,4554 W St,Lincoln,NE,68503,,2016-03-16,2026-07-01
2517,Community Pharmacy License,Lincoln Regional Center,,801 W Prospector Place Lincoln NE 68522,801 W Prospector Place,Lincoln,NE,68522,,2003-03-10,2026-07-01
2544,Community Pharmacy License,Bryan Medical Center East,,ATTN Pharmacy 1600 S 48th St Lincoln NE 68506,ATTN Pharmacy 1600 S 48th St,Lincoln,NE,68506,,2003-05-13,2026-07-01
2500,Community Pharmacy License,Good Samaritan Hospital,,10 E 31st St Kearney NE 68847-2926,10 E 31st St,Kearney,NE,68847-2926,,2002-09-27,2026-07-01
2553,Community Pharmacy License,Faith Reg Health Services,,2700 W Norfolk Ave Norfolk NE 68701,2700 W Norfolk Ave,Norfolk,NE,68701,,2003-05-21,2026-07-01
2504,Community Pharmacy License,Mary Lanning Memorial,,715 N St Joseph Hastings NE 68901,715 N St,Joseph Hastings,NE,68901,,2002-10-01,2026-07-01
2527,Community Pharmacy License,Nebraska Methodist Hospital,,8303 Dodge St Omaha NE 68114,8303 Dodge St,Omaha,NE,68114,,2003-04-02,2026-07-01
2552,Community Pharmacy License,CHI Health St Francis,,2620 W Faidley Ave Grand Island NE 68803,2620 W Faidley Ave,Grand Island,NE,68803,,2003-05-21,2026-07-01
2546,Community Pharmacy License,York General Hospital,,2222 Lincoln Ave York NE 68467,2222 Lincoln Ave,York,NE,68467,,2003-05-21,2026-07-01
2503,Community Pharmacy License,North Platte NE Hosp Corp,,601 W Leota Box 1167 North Platte NE 69101-6525,601 W Leota Box 1167,North Platte,NE,69101-6525,,2002-10-01,2026-07-01
2923,Community Pharmacy License,Beatrice Community Hospital,,4800 Hospital Pkwy PO Box 278 Beatrice NE 68310,4800 Hospital Pkwy PO Box 278,Beatrice,NE,68310,,2012-04-04,2026-07-01
2498,Community Pharmacy License,Regional West Medical,,4021 Ave B Scottsbluff NE 69361,4021 Ave,B Scottsbluff,NE,69361,,2002-09-27,2026-07-01
2505,Community Pharmacy License,Jefferson Comm Health Ctr,,2200 H St Box 277 Fairbury NE 68352,2200 H St Box 277,Fairbury,NE,68352,,2002-10-01,2026-07-01
2547,Community Pharmacy License,Madonna Rehabilitation,,5401 South St Lincoln NE 68506,5401 South St,Lincoln,NE,68506,470439599,2003-05-21,2026-07-01
2545,Community Pharmacy License,Bryan Medical Center West,,ATTN: Pharmacy 2300 S 16th St Lincoln NE 68502,ATTN: Pharmacy 2300 S 16th St,Lincoln,NE,68502,,2003-05-13,2026-07-01
2789,Community Pharmacy License,Hy-Vee Drugstore Pharmacy,,8404 N. 30th St Omaha NE 68112,8404 N. 30th St,Omaha,NE,68112,,2008-02-07,2026-07-01
2488,Community Pharmacy License,Norfolk Veterans Home,,600 E Benjamin Ave Norfolk NE 68701,600 E Benjamin Ave,Norfolk,NE,68701,,2001-11-15,2026-07-01
2704,Community Pharmacy License,Anderson Pharmacy,,1429 M St Ord NE 68862-1426,1429 M St,Ord,NE,68862-1426,,2006-06-09,2026-07-01
2383,Community Pharmacy License,Hy-Vee Pharmacy #5 (1390),,7151 Stacy Ln Lincoln NE 68516,7151 Stacy Ln,Lincoln,NE,68516,,1998-09-01,2026-07-01
2384,Community Pharmacy License,Community Pharmacy at,,3911 Ave B Ste M200 Scottsbluff NE 69361,3911 Ave B Ste,M200 Scottsbluff,NE,69361,,1998-09-03,2026-07-01
3083,Community Pharmacy License,Safeway Pharmacy #0557,,Albertsons Attn: PPSD 250 E Parkcenter Blvd Boise ID 83706,Albertsons,Boise,ID,83706,,2016-03-22,2026-07-01
2671,Community Pharmacy License,Louderback Drug,,201 S Main St PO Box 389 Madison NE 68748,201 S Main St PO Box 389,Madison,NE,68748,,2006-02-03,2026-07-01
2391,Community Pharmacy License,Walgreens #04531,,PO Box 901 Deerfield IL 60015,PO Box 901,Deerfield,IL,60015,,1998-11-30,2026-07-01
2394,Community Pharmacy License,LT Pedley Drug,,PO Box 108 Minden NE 68959,PO Box 108,Minden,NE,68959,,1999-01-04,2026-07-01
2796,Community Pharmacy License,Holdrege Pharmacy,,516 W 14th Ave Ste 500 PO Box 804 Holdrege NE 68949,516 W 14th Ave Ste 500 PO Box 804,Holdrege,NE,68949,,2008-04-15,2026-07-01
3085,Community Pharmacy License,Safeway Pharmacy #2555,,Albertsons Attn PPSD 250 E Parkcenter Blvd Boise ID 83706,Albertsons,Boise,ID,83706,,2016-05-03,2026-07-01
2396,Community Pharmacy License,Super Saver Pharmacy #18,,3318 23rd St Columbus NE 68601,3318 23rd St,Columbus,NE,68601,,1999-02-22,2026-07-01
2400,Community Pharmacy License,Walgreen Co. dba Walgreens,,PO Box 901 Deerfield IL 60015,PO Box 901,Deerfield,IL,60015,,1999-04-27,2026-07-01
2402,Community Pharmacy License,Steffen Drug Store,,214 N Broadway Ave PO Box 248 Hartington NE 68739-0248,214 N Broadway Ave PO Box 248,Hartington,NE,68739-0248,,1999-06-07,2026-07-01
2403,Community Pharmacy License,Hy-Vee Pharmacy #3 (1469),,8809 W Center Rd Omaha NE 68124-2044,8809 W Center Rd,Omaha,NE,68124-2044,,1999-06-29,2026-07-01
2411,Community Pharmacy License,Walgreens #04753,,PO Box 901 Deerfield IL 60015,PO Box 901,Deerfield,IL,60015,,1999-08-20,2026-07-01
2413,Community Pharmacy License,Super Saver Pharmacy #17,,2525 Pine Lake Rd Lincoln NE 68512,2525 Pine Lake Rd,Lincoln,NE,68512,,1999-10-04,2026-07-01
2702,Community Pharmacy License,Hy-Vee Pharmacy (1078),,3010 23rd St Columbus NE 68601,3010 23rd St,Columbus,NE,68601,,2006-05-16,2026-07-01
2416,Community Pharmacy License,CHI Health Pharmacy -,,8613 N 30th St Omaha NE 68112,8613 N 30th St,Omaha,NE,68112,,1999-11-18,2026-07-01
2419,Community Pharmacy License,Wal-Mart Pharmacy 10-2784,,3620 N 6th St Beatrice NE 68310,3620 N 6th St,Beatrice,NE,68310,,1999-12-15,2026-07-01
2423,Community Pharmacy License,Stockwell Pharmacy,,3811 S 27th St Lincoln NE 68502,3811 S 27th St,Lincoln,NE,68502,,2000-03-01,2026-07-01
2426,Community Pharmacy License,Walgreens Pharmacy #05360,,PO Box 901 Deerfield IL 60015,PO Box 901,Deerfield,IL,60015,,2000-03-14,2026-07-01
2865,Community Pharmacy License,Bloomfield Pharmacy,,105 S Broadway Ste 1 PO Box 9 Bloomfield NE 68718,105 S Broadway Ste 1 PO Box 9,Bloomfield,NE,68718,,2010-03-23,2026-07-01
2445,Community Pharmacy License,Walgreens #05874,,PO Box 901 Deerfield IL 60015,PO Box 901,Deerfield,IL,60015,,2000-10-16,2026-07-01
2443,Community Pharmacy License,Walgreens #05059,,PO Box 901 Deerfield IL 60015,PO Box 901,Deerfield,IL,60015,,2000-10-10,2026-07-01
2450,Community Pharmacy License,Wal-Mart Pharmacy 10-2847,,10504 S 15th St Bellevue NE 68123,10504 S 15th St,Bellevue,NE,68123,,2000-12-28,2026-07-01
2447,Community Pharmacy License,Walgreens #05966,,PO Box 901 Deerfield IL 60015,PO Box 901,Deerfield,IL,60015,,2000-11-14,2026-07-01
2468,Community Pharmacy License,"Dillon Companies, LLC dba",,Attn: Pharmacy Licensing 1014 Vine Street Cincinnati OH 45202,Attn: Pharmacy Licensing 1014 Vine Street,Cincinnati,OH,45202,,2001-03-27,2026-07-01
2467,Community Pharmacy License,"Dillon Companies, LLC dba",,Attn: Pharmacy Licensing 1014 Vine Street Cincinnati OH 45202,Attn: Pharmacy Licensing 1014 Vine Street,Cincinnati,OH,45202,,2001-03-27,2026-07-01
2463,Community Pharmacy License,"Dillon Companies, LLC dba",,Attn Pharmacy Licensing 1014 Vine St Cincinnati OH 45202,Attn Pharmacy Licensing 1014 Vine St,Cincinnati,OH,45202,,2001-03-27,2026-07-01
2465,Community Pharmacy License,"Dillon Companies, LLC dba",,Attn Pharmacy Licensing 1014 Vine St Cincinnati OH 45202,Attn Pharmacy Licensing 1014 Vine St,Cincinnati,OH,45202,,2001-03-27,2026-07-01
2461,Community Pharmacy License,"Dillon Companies, LLC dba",,Attn: Pharmacy Licensing 1014 Vine St Cincinnati OH 45202,Attn: Pharmacy Licensing 1014 Vine St,Cincinnati,OH,45202,,2001-03-26,2026-07-01
2462,Community Pharmacy License,"Dillon Companies, LLC dba",,Attn Pharmacy Licensing 1014 Vine St Cincinnati OH 45202,Attn Pharmacy Licensing 1014 Vine St,Cincinnati,OH,45202,,2001-03-26,2026-07-01
2466,Community Pharmacy License,"Dillon Companies, LLC dba",,Attn Pharmacy Licensing 1014 Vine St Cincinnati OH 45202,Attn Pharmacy Licensing 1014 Vine St,Cincinnati,OH,45202,,2001-03-27,2026-07-01
2469,Community Pharmacy License,Wal-Mart Pharmacy 10-3267,,18201 Wright St Omaha NE 68130,18201 Wright St,Omaha,NE,68130,,2001-04-04,2026-07-01
2475,Community Pharmacy License,Sam's Pharmacy 10-6413,,4900 N 27th St Lincoln NE 68521,4900 N 27th St,Lincoln,NE,68521,,2001-07-16,2026-07-01
2484,Community Pharmacy License,Russ's Pharmacy #21,,1550 S Coddington Ave Lincoln NE 68522,1550 S Coddington Ave,Lincoln,NE,68522,,2001-10-01,2026-07-01
2489,Community Pharmacy License,"Dillon Companies, LLC dba",,Attn: Pharmacy Licensing 1014 Vine Street Cincinnati OH 45202,Attn: Pharmacy Licensing 1014 Vine Street,Cincinnati,OH,45202,,2001-11-26,2026-07-01
2512,Community Pharmacy License,Walgreens #06884,,PO Box 901 Deerfield IL 60015,PO Box 901,Deerfield,IL,60015,,2003-02-12,2026-07-01
2520,Community Pharmacy License,Hy-Vee Pharmacy (1620),,2501 Cornhusker Plaza South Sioux City NE 68776,2501 Cornhusker Plaza South Sioux,City,NE,68776,,2003-03-12,2026-07-01
2501,Community Pharmacy License,Cherry County Hospital,,510 N Green St Valentine NE 69201,510 N Green St,Valentine,NE,69201,,2002-10-01,2026-07-01
2557,Community Pharmacy License,Boone County Health Center,,723 W Fairview St PO Box 151 Albion NE 68620,723 W Fairview St PO Box 151,Albion,NE,68620,,2003-05-21,2026-07-01
2917,Community Pharmacy License,Tooleys Clinic Pharmacy,,PO BOX 1470 Columbus NE 68601,PO BOX 1470,Columbus,NE,68601,,2012-01-26,2026-07-01
2566,Community Pharmacy License,Walgreens #06962,,PO Box 901 Deerfield IL 60015,PO Box 901,Deerfield,IL,60015,,2003-08-12,2026-07-01
2569,Community Pharmacy License,Walgreens #05741,,PO Box 901 Deerfield IL 60015,PO Box 901,Deerfield,IL,60015,,2003-08-13,2026-07-01
2556,Community Pharmacy License,Columbus Community,,4600 38th Street PO Box 1800 Columbus NE 68601,4600 38th Street PO Box 1800,Columbus,NE,68601,,2003-05-21,2026-07-01
2575,Community Pharmacy License,PharMerica Pharmacy,,6528 S 118th St Omaha NE 68137,6528 S 118th St,Omaha,NE,68137,,2003-09-19,2026-07-01
2525,Community Pharmacy License,Wal-Mart Pharmacy 10-0867,,3322 Avenue I Scottsbluff NE 69361,3322 Avenue,I Scottsbluff,NE,69361,,2003-04-01,2026-07-01
2570,Community Pharmacy License,Walgreen Co. dba Walgreens,,PO Box 901 Deerfield IL 60015,PO Box 901,Deerfield,IL,60015,,2003-08-13,2026-07-01
2531,Community Pharmacy License,Walgreens #07272,,PO Box 901 Deerfield IL 60015,PO Box 901,Deerfield,IL,60015,,2003-04-14,2026-07-01
2561,Community Pharmacy License,Wal-Mart Pharmacy 10-3278,,8700 Andermatt Dr Lincoln NE 68526,8700 Andermatt Dr,Lincoln,NE,68526,,2003-08-05,2026-07-01
2540,Community Pharmacy License,Walgreens #07383,,PO Box 901 Deerfield IL 60015,PO Box 901,Deerfield,IL,60015,,2003-05-06,2026-07-01
2666,Community Pharmacy License,Main Street Apothecary,,201 E 2nd St Box 515 Laurel NE 68745,201 E 2nd St Box 515,Laurel,NE,68745,,2006-01-09,2026-07-01
2541,Community Pharmacy License,Westfield Pharmacy,,1845 West A North Platte NE 69101,1845 West A North,Platte,NE,69101,,2003-05-06,2026-07-01
2582,Community Pharmacy License,Super Saver Pharmacy #4,,4554 W St Lincoln NE 68503,4554 W St,Lincoln,NE,68503,,2003-11-18,2026-07-01
2572,Community Pharmacy License,Nebraska Department of,,2620 W Van Dorn St Lincoln NE 68522,2620 W Van Dorn St,Lincoln,NE,68522,,2003-08-28,2026-07-01
2564,Community Pharmacy License,Walgreen Co. dba Walgreens,,PO Box 901 Deerfield IL 60015,PO Box 901,Deerfield,IL,60015,,2003-08-11,2026-07-01
2590,Community Pharmacy License,RelyCare Pharmacy Lincoln,,1221 N Cotner Blvd Ste 1 Lincoln NE 68505,1221 N Cotner Blvd Ste 1,Lincoln,NE,68505,,2004-02-02,2026-07-01
2586,Community Pharmacy License,Mark's Pharmacy -,,624 Patterson St PO Box 117 Cambridge NE 69022,624 Patterson St PO Box 117,Cambridge,NE,69022,,2003-12-11,2026-07-01
2585,Community Pharmacy License,Walgreens #7693,,PO Box 901 Deerfield IL 60015,PO Box 901,Deerfield,IL,60015,,2003-12-01,2026-07-01
2588,Community Pharmacy License,Hy-Vee Pharmacy #1472,,17810 Welch Plz Omaha NE 68135,17810 Welch Plz,Omaha,NE,68135,,2003-12-30,2026-07-01
2598,Community Pharmacy License,Wal-Mart Pharmacy 10-1637,,702 SW 8th Street Bentonville AR 72716,702 SW 8th Street,Bentonville,AR,72716,,2004-07-02,2026-07-01
2596,Community Pharmacy License,Wal-Mart Pharmacy 10-5170,,3001 Silverberg Dr Sidney NE 69162,3001 Silverberg Dr,Sidney,NE,69162,,2004-04-16,2026-07-01
2999,Community Pharmacy License,CSR/AVP Holdings,,11701 Centennial Rd Stes 2 & 3 La Vista NE 68128,11701 Centennial Rd,Stes 2 & 3 La Vista,NE,68128,,2014-04-22,2026-07-01
2601,Community Pharmacy License,Wal-Mart Pharmacy 10-0637,,200 Frontier St Lexington NE 68850,200 Frontier St,Lexington,NE,68850,,2004-07-02,2026-07-01
3060,Community Pharmacy License,Gothenburg Discount,,902 Avenue D PO Box 159 Gothenburg NE 69138,902 Avenue D PO Box 159,Gothenburg,NE,69138,,2015-08-19,2026-07-01
2608,Community Pharmacy License,CHI Alegent Health Memorial,,104 W 17th St Schuyler NE 68661,104 W 17th St,Schuyler,NE,68661,,2004-08-30,2026-07-01
2611,Community Pharmacy License,Sam's Pharmacy 10-8146,,13130 L St Omaha NE 68137,13130 L St,Omaha,NE,68137,,2004-09-17,2026-07-01
2613,Community Pharmacy License,Wal-Mart Pharmacy 10-5361,,12850 L St Omaha NE 68137,12850 L St,Omaha,NE,68137,,2004-09-17,2026-07-01
2631,Community Pharmacy License,Hy-Vee Pharmacy-1185,,840 E 23rd St Fremont NE 68025,840 E 23rd St,Fremont,NE,68025,,2005-01-24,2026-07-01
2619,Community Pharmacy License,"Dillon Companies, LLC dba",,Attn Pharmacy Licensing 1014 Vine St Cincinnati OH 45202,Attn Pharmacy Licensing 1014 Vine St,Cincinnati,OH,45202,,2004-10-22,2026-07-01
2624,Community Pharmacy License,"Dillon Companies, LLC dba",,Attn Pharmacy Licensing 1014 Vine Street Cincinnati OH 45202,Attn Pharmacy Licensing 1014 Vine Street,Cincinnati,OH,45202,,2004-11-10,2026-07-01
2625,Community Pharmacy License,"Dillon Companies, LLC dba",,"12025 W. Center Rd, Omaha NE 68144","12025 W. Center Rd,",Omaha,NE,68144,,2004-11-10,2026-07-01
2630,Community Pharmacy License,Walgreens #02472,,PO Box 901 Deerfield IL 60015,PO Box 901,Deerfield,IL,60015,,2005-01-24,2026-07-01
2880,Community Pharmacy License,Nein Pharmacy,,1012 Main Street PO Box 141 Bridgeport NE 69336,1012 Main Street PO Box 141,Bridgeport,NE,69336,,2010-07-20,2026-07-01
2635,Community Pharmacy License,Hy-Vee Pharmacy (1474),,3410 N 156th St Omaha NE 68116-2020,3410 N 156th St,Omaha,NE,68116-2020,,2005-03-18,2026-07-01
2648,Community Pharmacy License,Butler County Pharmacy,,372 S 9th St David City NE 68632,372 S 9th St,David City,NE,68632,,2005-08-12,2026-07-01
2646,Community Pharmacy License,Wal-Mart Pharmacy 10-1460,,3803 Osborne Dr West Hastings NE 68901,3803 Osborne Dr,West Hastings,NE,68901,,2005-07-05,2026-07-01
2655,Community Pharmacy License,Wal-Mart Pharmacy 10-0774,,818 E 23rd St Columbus NE 68601,818 E 23rd St,Columbus,NE,68601,,2005-11-10,2026-07-01
2654,Community Pharmacy License,Walgreens #01162,,PO Box 901 Deerfield IL 60015,PO Box 901,Deerfield,IL,60015,,2005-11-10,2026-07-01
2638,Community Pharmacy License,Varney Pharmacy,,744 South E Street PO Box 70 Broken Bow NE 68822,744 South E Street PO Box 70,Broken Bow,NE,68822,202197353,2005-05-05,2026-07-01
2700,Community Pharmacy License,Wal-Mart Pharmacy 10-1326,,2250 N Diers Ave Grand Island NE 68803,2250 N Diers Ave,Grand Island,NE,68803,,2006-05-16,2026-07-01
2652,Community Pharmacy License,Crosier Park Pharmacy,,405 E 14th St Hastings NE 68901,405 E 14th St,Hastings,NE,68901,,2005-08-12,2026-07-01
2659,Community Pharmacy License,Wal-Mart Pharmacy 10-3395,,3501 S Locust St Grand Island NE 68801,3501 S Locust St,Grand Island,NE,68801,,2005-11-10,2026-07-01
2668,Community Pharmacy License,Wal-Mart Pharmacy 10-5141,,16960 W Maple Rd Omaha NE 68116,16960 W Maple Rd,Omaha,NE,68116,,2006-01-13,2026-07-01
2661,Community Pharmacy License,CHI Health Pharmacy -,,16909 Lakeside Hills Ct Ste 107 Omaha NE 68130,16909 Lakeside Hills Ct Ste 107,Omaha,NE,68130,,2006-01-03,2026-07-01
2719,Community Pharmacy License,Walgreens #09899,,PO Box 901 Deerfield IL 60015,PO Box 901,Deerfield,IL,60015,,2006-10-12,2026-07-01
2664,Community Pharmacy License,Option Care,,3000 Lakeside Drive Suite 300N Bannockburn IL 60015,3000 Lakeside Drive Suite 300N,Bannockburn,IL,60015,,2006-01-04,2026-07-01
2709,Community Pharmacy License,Ken's U-Save Pharmacy,,1302 Linden Ave Crete NE 68333,1302 Linden Ave,Crete,NE,68333,,2006-08-17,2026-07-01
2715,Community Pharmacy License,CVS/Pharmacy #8610,,One CVS Drive Attn: Renee O'Coin/MC1160 Woonsocket RI 02895,One CVS Drive,Woonsocket,RI,02895,,2006-10-11,2026-07-01
2991,Community Pharmacy License,CVS/Pharmacy #8615,,One CVS Drive Attn: Renee O'Coin/ MC1160 Woonsocket RI 02895,One CVS Drive,Woonsocket,RI,02895,,2013-12-12,2026-07-01
2977,Community Pharmacy License,CVS/Pharmacy #8616,,Attn Renee O'Coin One CVS Drive MC 1160 Woonsocket RI 02895,Attn Renee O'Coin One CVS Drive,Woonsocket,RI,02895,,2013-09-17,2026-07-01
3001,Community Pharmacy License,CVS/Pharmacy #8626,,One CVS Drive MC1160 Woonsocket RI 02895,One CVS Drive,Woonsocket,RI,02895,,2014-04-30,2026-07-01
2737,Community Pharmacy License,Wal-Mart Pharmacy 10-1671,,8525 S 71st Plz Papillion NE 68133,8525 S 71st Plz,Papillion,NE,68133,,2007-01-04,2026-07-01
2731,Community Pharmacy License,Walgreens Pharmacy #10502,,PO Box 901 Deerfield IL 60015,PO Box 901,Deerfield,IL,60015,,2006-12-19,2026-07-01
2732,Community Pharmacy License,Walgreen Co. dba Walgreens,,PO Box 901 Deerfield IL 60015,PO Box 901,Deerfield,IL,60015,,2006-12-19,2026-07-01
2754,Community Pharmacy License,Walgreen Co. dba Walgreens,,PO Box 901 Deerfield IL 60015,PO Box 901,Deerfield,IL,60015,,2007-05-18,2026-07-01
2748,Community Pharmacy License,Promesa Health Pharmacy,,10815 Old Mill Rd Omaha NE 68154,10815 Old Mill Rd,Omaha,NE,68154,,2007-04-05,2026-07-01
2742,Community Pharmacy License,Wal-Mart Pharmacy 10-4209,,2101 S 11th St Nebraska City NE 68410,2101 S 11th St,Nebraska City,NE,68410,,2007-03-29,2026-07-01
2755,Community Pharmacy License,Hy-Vee Pharmacy (1514),,11650 S 73rd St Papillion NE 68046,11650 S 73rd St,Papillion,NE,68046,,2007-05-23,2026-07-01
2760,Community Pharmacy License,Wal-Mart Pharmacy 10-4322,,1800 E 29th St Crete NE 68333,1800 E 29th St,Crete,NE,68333,,2007-07-05,2026-07-01
2764,Community Pharmacy License,"Lincoln Treatment Center,",,4305 O Street Lincoln NE 68510,4305 O Street,Lincoln,NE,68510,,2007-07-30,2026-07-01
2759,Community Pharmacy License,"Omaha Treatment Center,",,11215 John Galt Blvd Omaha NE 68137,11215 John Galt Blvd,Omaha,NE,68137,,2007-07-02,2026-07-01
2763,Community Pharmacy License,Walgreens #11089,,PO Box 901 Deerfield IL 60015,PO Box 901,Deerfield,IL,60015,,2007-07-27,2026-07-01
2769,Community Pharmacy License,U-Save Pharmacy and,,902 N Highway 83 McCook NE 69001,902 N Highway 83,McCook,NE,69001,,2007-09-20,2026-07-01
2777,Community Pharmacy License,Costco Wholesale,,PO Box 35005 Attn: Licensing Seattle WA 98124-3405,PO Box 35005,Seattle,WA,98124-3405,,2007-11-16,2026-07-01
2776,Community Pharmacy License,Walgreens #10892,,PO Box 901 Deerfield IL 60015,PO Box 901,Deerfield,IL,60015,,2007-11-15,2026-07-01
2782,Community Pharmacy License,Walgreens #11204,,PO Box 901 Deerfield IL 60015,PO Box 901,Deerfield,IL,60015,,2008-01-04,2026-07-01
2978,Community Pharmacy License,RelyCare LTC Pharmacy,,1219 N Cotner Blvd Lincoln NE 68505,1219 N Cotner Blvd,Lincoln,NE,68505,,2013-09-18,2026-07-01
2787,Community Pharmacy License,Walgreens #11205,,PO Box 901 Deerfield IL 60015,PO Box 901,Deerfield,IL,60015,,2008-02-04,2026-07-01
3051,Community Pharmacy License,U-Save Pharmacy of Norfolk,,1001 W Benjamin Ave Norfolk NE 68701,1001 W Benjamin Ave,Norfolk,NE,68701,,2015-07-13,2026-07-01
2801,Community Pharmacy License,"Hy-vee, Inc. dba Hy-Vee 1221",,115 Wilmar Ave Grand Island NE 68803,115 Wilmar Ave,Grand Island,NE,68803,,2008-04-18,2026-07-01
2807,Community Pharmacy License,CHI Health Pharmacy -,,3308 Samson Way Ste 106 Bellevue NE 68123,3308 Samson Way Ste 106,Bellevue,NE,68123,,2008-06-03,2026-07-01
2812,Community Pharmacy License,Gering U-Save Pharmacy,,1400 10th St Gering NE 69341,1400 10th St,Gering,NE,69341,,2008-07-07,2026-07-01
2813,Community Pharmacy License,Walgreens #11203,,PO Box 901 Deerfield IL 60015,PO Box 901,Deerfield,IL,60015,,2008-07-07,2026-07-01
2811,Community Pharmacy License,Soleo Health,,"2801 Network Blvd, Suite 505 Frisco TX 75034","2801 Network Blvd, Suite 505",Frisco,TX,75034,,2008-07-07,2026-07-01
2882,Community Pharmacy License,Chadron Community Hospital,,825 Centennial Dr. Chadron NE 69337,825 Centennial Dr.,Chadron,NE,69337,,2010-07-30,2026-07-01
2824,Community Pharmacy License,"Hy-Vee, Inc dba Hy-Vee",,5010 O St Lincoln NE 68510,5010 O St,Lincoln,NE,68510,,2009-01-07,2026-07-01
2826,Community Pharmacy License,Wal-Mart Pharmacy 10-3823,,3400 N 85th St Lincoln NE 68507,3400 N 85th St,Lincoln,NE,68507,,2009-01-07,2026-07-01
2825,Community Pharmacy License,Wal-Mart Pharmacy 10-4358,,1606 S 72nd St Omaha NE 68124,1606 S 72nd St,Omaha,NE,68124,,2009-01-07,2026-07-01
2822,Community Pharmacy License,Walgreens #12115,,PO Box 901 Deerfield IL 60015,PO Box 901,Deerfield,IL,60015,,2009-01-07,2026-07-01
2830,Community Pharmacy License,Walgreens #11957,,PO Box 901 Deerfield IL 60015,PO Box 901,Deerfield,IL,60015,,2009-02-01,2026-07-01
2834,Community Pharmacy License,Walgreens #11356,,PO Box 901 Deerfield IL 60015,PO Box 901,Deerfield,IL,60015,,2009-03-08,2026-07-01
2828,Community Pharmacy License,U-Save Pharmacy,,211 W Leota North Platte NE 69101,211 W Leota North,Platte,NE,69101,,2009-01-17,2026-07-01
2829,Community Pharmacy License,Family Fresh Market,,850 76th Street SW Byron Center MI 49315,850 76th Street,SW Byron Center,MI,49315,,2009-02-01,2026-07-01
2837,Community Pharmacy License,BAART Community,,1720 Lakepointe Dr Ste 117 Lewisville TX 75057,1720 Lakepointe Dr Ste 117,Lewisville,TX,75057,,2009-04-08,2026-07-01
2850,Community Pharmacy License,"Cardinal Health 414, LLC",,5840 F Street Omaha NE 68117,5840 F Street,Omaha,NE,68117,,2009-09-30,2026-07-01
2842,Community Pharmacy License,CHI Health Pharmacy -,,11109 S 84th St Ste 1841 Papillion NE 68046,11109 S 84th St Ste 1841,Papillion,NE,68046,,2009-07-27,2026-07-01
2846,Community Pharmacy License,Haeberle's Grand Central,,7 W 25th St Kearney NE 68847,7 W 25th St,Kearney,NE,68847,,2009-08-27,2026-07-01
2847,Community Pharmacy License,Walgreens #12538,,PO Box 901 Deerfield IL 60015,PO Box 901,Deerfield,IL,60015,,2009-08-27,2026-07-01
2852,Community Pharmacy License,Walgreens #11355,,PO Box 901 Deerfield IL 60015,PO Box 901,Deerfield,IL,60015,,2009-10-26,2026-07-01
2853,Community Pharmacy License,U-Save Pharmacy,,216 E 7th St Wayne NE 68787,216 E 7th St,Wayne,NE,68787,,2009-11-17,2026-07-01
2870,Community Pharmacy License,Walgreens #13137,,PO Box 901 Deerfield IL 60015,PO Box 901,Deerfield,IL,60015,,2010-04-21,2026-07-01
2862,Community Pharmacy License,One World Community Health,,"4920 S 30th St, Suite 105 Omaha NE 68107","4920 S 30th St, Suite 105",Omaha,NE,68107,,2010-03-10,2026-07-01
2863,Community Pharmacy License,Walgreens #12854,,PO Box 901 Deerfield IL 60015,PO Box 901,Deerfield,IL,60015,,2010-03-11,2026-07-01
2866,Community Pharmacy License,Health Mart Pharmacy -,,15817 CW Hadan Drive Bennington NE 68007,15817 CW Hadan Drive,Bennington,NE,68007,,2010-03-31,2026-07-01
2867,Community Pharmacy License,Walgreens #12405,,PO Box 901 Deerfield IL 60015,PO Box 901,Deerfield,IL,60015,,2010-03-31,2026-07-01
2872,Community Pharmacy License,Precision Compounding,,15722 W Center Rd Omaha NE 68130,15722 W Center Rd,Omaha,NE,68130,,2010-07-12,2026-07-01
2874,Community Pharmacy License,The Nebraska Medical Center,,"2510 Bellevue Medical Center Drive, Suite 100 Bellevue NE 68123","2510 Bellevue Medical Center Drive, Suite 100",Bellevue,NE,68123,,2010-07-12,2026-07-01
2885,Community Pharmacy License,"ARRX, Inc. dba Lake Crest",,620 Main St Ste B PO Box 972 Adams NE 68301,620 Main St Ste B PO Box 972,Adams,NE,68301,,2010-09-24,2026-07-01
2889,Community Pharmacy License,CVS/Pharmacy #5863,,One CVS Drive Attn: Renee O'Coin/ MC1160 Woonsocket RI 02895,One CVS Drive,Woonsocket,RI,02895,,2010-11-18,2026-07-01
2895,Community Pharmacy License,Hy-Vee Pharmacy #7062,,"8404 N 30th St, Suite 100 Omaha NE 68112","8404 N 30th St, Suite 100",Omaha,NE,68112,,2011-01-12,2026-07-01
2886,Community Pharmacy License,"DTAG Pharmacies, Inc dba",,2123 Central Ave Kearney NE 68847,2123 Central Ave,Kearney,NE,68847,,2010-09-24,2026-07-01
2888,Community Pharmacy License,Wal-Mart Pharmacy 10-4600,,11350 Wickersham Blvd Gretna NE 68028,11350 Wickersham Blvd,Gretna,NE,68028,,2010-11-16,2026-07-01
2898,Community Pharmacy License,Clabaugh Pharmacy Inc.,,501 Court St Beatrice NE 68310,501 Court St,Beatrice,NE,68310,,2011-03-09,2026-07-01
2901,Community Pharmacy License,CVS/Pharmacy #2931,,14303 U St Omaha NE 68137,14303 U St,Omaha,NE,68137,,2011-03-18,2026-07-01
3077,Community Pharmacy License,"Meds & More, Inc.",,1226 West Pasewalk Ave Norfolk NE 68701,1226 West Pasewalk Ave,Norfolk,NE,68701,,2016-02-19,2026-07-01
2906,Community Pharmacy License,Employer's Health Care,,PO Box 901 Deerfield IL 60015,PO Box 901,Deerfield,IL,60015,,2011-07-25,2026-07-01
2910,Community Pharmacy License,U-Save Pharmacy Northwest,,3224 W 13th St Grand Island NE 68803,3224 W 13th St,Grand Island,NE,68803,,2011-08-26,2026-07-01
2912,Community Pharmacy License,CVS/Pharmacy #5714,,4840 Dodge St Omaha NE 68132,4840 Dodge St,Omaha,NE,68132,,2012-01-26,2026-07-01
2916,Community Pharmacy License,"Hy-Vee, Inc dba Hy-Vee",,1000 S 178th St Omaha NE 68118,1000 S 178th St,Omaha,NE,68118,,2012-01-26,2026-07-01
2919,Community Pharmacy License,CVS/Pharmacy #4033,,5611 S 27th St Lincoln NE 68512,5611 S 27th St,Lincoln,NE,68512,,2012-01-30,2026-07-01
2920,Community Pharmacy License,Fulmer Pharmacy,,1317 Hill St Holdrege NE 68949,1317 Hill St,Holdrege,NE,68949,,2012-01-30,2026-07-01
2925,Community Pharmacy License,Depot Drug,,221 S Jeffers Suite 2 North Platte NE 69101,221 S Jeffers Suite 2,North Platte,NE,69101,,2012-04-04,2026-07-01
2926,Community Pharmacy License,Wal-Mart Pharmacy 10-4568,,1882 Holly St Blair NE 68008,1882 Holly St,Blair,NE,68008,,2012-04-04,2026-07-01
2936,Community Pharmacy License,CHI Health Pharmacy - 132nd,,13315 W Center Rd Ste 101 Omaha NE 68144,13315 W Center Rd Ste 101,Omaha,NE,68144,,2012-11-29,2026-07-01
2932,Community Pharmacy License,CHI Health Pharmacy -,,8248 S 96th St Suite 101 La Vista NE 68128,8248 S 96th St Suite 101,La Vista,NE,68128,,2012-11-26,2026-07-01
2931,Community Pharmacy License,CVS/Pharmacy #473,,1550 South St Lincoln NE 68502,1550 South St,Lincoln,NE,68502,,2012-11-26,2026-07-01
2935,Community Pharmacy License,Tower Pharmacy Express #7,,349 N 78th St Omaha NE 68114,349 N 78th St,Omaha,NE,68114,,2012-11-28,2026-07-01
2933,Community Pharmacy License,Family Fare Pharmacy #3811,,850 76TH ST SW BYRON CENTER MI 49315,850 76TH ST,SW BYRON CENTER,MI,49315,,2012-11-26,2026-07-01
2946,Community Pharmacy License,Cody's U-Save Pharmacy,,2220 J Street Auburn NE 68305,2220 J Street,Auburn,NE,68305,,2013-04-17,2026-07-01
2938,Community Pharmacy License,CVS/Pharmacy #2741,,6901 S 84th St La Vista NE 68128,6901 S 84th St,La Vista,NE,68128,20-4281305,2012-11-29,2026-07-01
2941,Community Pharmacy License,Sam's Club Pharmacy 10-,,8480 Andermatt Dr Lincoln NE 68526,8480 Andermatt Dr,Lincoln,NE,68526,,2012-11-29,2026-07-01
2940,Community Pharmacy License,Manion's Drug Store,,719 Main St PO Box 85 Creighton NE 68729,719 Main St PO Box 85,Creighton,NE,68729,,2012-11-29,2026-07-01
3089,Community Pharmacy License,Safeway Pharmacy #0549,,Albertson's Companies Attn: Pharmacy Licensing 250 E Parkcenter Blvd Boise ID 83706,Albertson's Companies,Boise,ID,83706,,2016-06-15,2026-07-01
2965,Community Pharmacy License,Grant Pharmacy,,218 Central Ave Grant NE 69140,218 Central Ave,Grant,NE,69140,,2013-08-21,2026-07-01
2967,Community Pharmacy License,Super Saver Pharmacy #27,,840 Fallbrook Blvd Lincoln NE 68521,840 Fallbrook Blvd,Lincoln,NE,68521,,2013-08-21,2026-07-01
2968,Community Pharmacy License,Walgreens #15237,,PO Box 901 Deerfield IL 60015,PO Box 901,Deerfield,IL,60015,,2013-08-26,2026-07-01
2966,Community Pharmacy License,Svanda Healthmart Pharmacy,,314 Grand Ave Ravenna NE 68869,314 Grand Ave,Ravenna,NE,68869,,2013-08-21,2026-07-01
2969,Community Pharmacy License,U Save Pharmacy Gretna,,611 N HWY 6 PO Box 99 Gretna NE 68028-0099,611 N HWY 6 PO Box 99,Gretna,NE,68028-0099,,2013-08-30,2026-07-01
2961,Community Pharmacy License,Wal-Mart Pharmacy 10-4138,,13105 Birch Dr Omaha NE 68164,13105 Birch Dr,Omaha,NE,68164,,2013-06-18,2026-07-01
2960,Community Pharmacy License,Wal-Mart Pharmacy 10-3154,,2109 Towne Center Dr Bellevue NE 68123,2109 Towne Center Dr,Bellevue,NE,68123,,2013-06-18,2026-07-01
2972,Community Pharmacy License,U-Save Pharmacy South,,2105 S Locust St Grand Island NE 68801,2105 S Locust St,Grand Island,NE,68801,,2013-08-30,2026-07-01
2973,Community Pharmacy License,U Save Pharmacy Ogallala,,23 N Spruce St Ogallala NE 69153,23 N Spruce St,Ogallala,NE,69153,,2013-09-16,2026-07-01
2974,Community Pharmacy License,Wal-Mart Pharmacy 10-3153,,6710 S 167th St Omaha NE 68135,6710 S 167th St,Omaha,NE,68135,,2013-09-17,2026-07-01
2976,Community Pharmacy License,Wal-Mart Pharmacy 10-2432,,2500 Jamie Ln Lincoln NE 68512,2500 Jamie Ln,Lincoln,NE,68512,,2013-09-17,2026-07-01
2979,Community Pharmacy License,Wal-Mart Pharmacy 10-3172,,5051 L St Omaha NE 68117,5051 L St,Omaha,NE,68117,,2013-09-24,2026-07-01
2975,Community Pharmacy License,Pharmacy Solutions,,5750 Hidcote Dr Lincoln NE 68516,5750 Hidcote Dr,Lincoln,NE,68516,,2013-09-17,2026-07-01
2980,Community Pharmacy License,Midland Vet Services,,11722 Stonegate Cir Omaha NE 68164,11722 Stonegate Cir,Omaha,NE,68164,,2013-09-24,2026-07-01
3006,Community Pharmacy License,Wal-Mart Pharmacy 10-3173,,9460 Giles Rd La Vista NE 68128,9460 Giles Rd,La Vista,NE,68128,,2014-04-30,2026-07-01
2986,Community Pharmacy License,CVS/Pharmacy #10243,,One CVS Drive ATTN Renee O'Coin/MC1160 Woonsocket RI 02895,One CVS Drive,Woonsocket,RI,02895,,2013-11-01,2026-07-01
2990,Community Pharmacy License,"CHI National Home Care,",,5428 F St Omaha NE 68117-2815,5428 F St,Omaha,NE,68117-2815,,2013-11-01,2026-07-01
3095,Community Pharmacy License,"Optum Infusion Services 302,",,8720 S 114th St Ste 106 La Vista NE 68128,8720 S 114th St Ste 106,La Vista,NE,68128,,2016-08-01,2026-07-01
2995,Community Pharmacy License,"Hy-Vee, Inc. dba Hy-Vee",,16418 Westside Dr Plattsmouth NE 68048,16418 Westside Dr,Plattsmouth,NE,68048,,2014-01-14,2026-07-01
3002,Community Pharmacy License,CVS/Pharmacy #10293,,One CVS Drive ATTN Renee O'Coin/MC1160 Woonsocket RI 02895,One CVS Drive,Woonsocket,RI,02895,,2014-04-30,2026-07-01
2996,Community Pharmacy License,A & A Drug Co.,,1612 N Bell St Fremont NE 68025,1612 N Bell St,Fremont,NE,68025,,2014-03-04,2026-07-01
3004,Community Pharmacy License,Wal-Mart Pharmacy 10-3152,,2451 N 90th St Omaha NE 68134,2451 N 90th St,Omaha,NE,68134,,2014-04-30,2026-07-01
3005,Community Pharmacy License,Wal-Mart Pharmacy 10-3151,,5018 Ames Ave Omaha NE 68104,5018 Ames Ave,Omaha,NE,68104,,2014-04-30,2026-07-01
3008,Community Pharmacy License,U Save Pharmacy of Aurora,,219 Q St Aurora NE 68818,219 Q St,Aurora,NE,68818,,2014-04-30,2026-07-01
3024,Community Pharmacy License,Pac N' Save Discount,,1519 W Hwy 34 Ste 1 Seward NE 68434,1519 W Hwy 34 Ste 1,Seward,NE,68434,,2014-08-07,2026-07-01
3012,Community Pharmacy License,Kex Rx Pharmacy & Home,,120 E 18th St Falls City NE 68355,120 E 18th St,Falls City,NE,68355,,2014-07-03,2026-07-01
3015,Community Pharmacy License,Arbor State Pharmacy,,PO Box 23 Wymore NE 68466,PO Box 23,Wymore,NE,68466,,2014-07-03,2026-07-01
3014,Community Pharmacy License,"Hy-Vee, Inc. dba Hy-Vee",,5212 3rd Ave Kearney NE 68845,5212 3rd Ave,Kearney,NE,68845,,2014-07-03,2026-07-01
3010,Community Pharmacy License,"HYVACS, LLC dba Hy-Vee",,10004 S 152nd St Ste C Omaha NE 68138,10004 S 152nd St Ste C,Omaha,NE,68138,,2014-05-29,2026-07-01
3009,Community Pharmacy License,"Amber Enterprises, Inc dba",,10004 S 152nd St Ste A Omaha NE 68138,10004 S 152nd St Ste A,Omaha,NE,68138,,2014-05-29,2026-07-01
3032,Community Pharmacy License,Russ's Market Pharmacy #7,,611 N Burlington Ave Hastings NE 68901,611 N Burlington Ave,Hastings,NE,68901,,2014-10-15,2026-07-01
3016,Community Pharmacy License,Dave's Pharmacy,,508 Niobrara Avenue PO Box 95 Hemingford NE 69348,508 Niobrara Avenue PO Box 95,Hemingford,NE,69348,,2014-07-25,2026-07-01
3027,Community Pharmacy License,NCS Outpatient Pharmacy,,17201 Wright St Ste 204 Omaha NE 68130,17201 Wright St Ste 204,Omaha,NE,68130,,2014-09-04,2026-07-01
3029,Community Pharmacy License,Hematology & Oncology,,PO Box 641850 Omaha NE 68164,PO Box 641850,Omaha,NE,68164,,2014-09-09,2026-07-01
3030,Community Pharmacy License,Walgreens Specialty,,PO Box 901 Deerfield IL 60015,PO Box 901,Deerfield,IL,60015,,2014-09-25,2026-07-01
3028,Community Pharmacy License,Walmart Pharmacy 10-4139,,360 N Saddle Creek Rd Omaha NE 68131,360 N Saddle Creek Rd,Omaha,NE,68131,,2014-09-04,2026-07-01
3033,Community Pharmacy License,Sam's Pharmacy 10-6181,,9851 S 71st Plz Papillion NE 68133,9851 S 71st Plz,Papillion,NE,68133,,2014-10-17,2026-07-01
3091,Community Pharmacy License,Genoa Healthcare LLC,,1 Optum Circle SUITE 100 Eden Prairie MN 55344,1 Optum Circle SUITE 100,Eden Prairie,MN,55344,,2016-06-15,2026-07-01
3041,Community Pharmacy License,Reimer Pharmacy,,312 Broadway St PO Box 460 Fullerton NE 68638,312 Broadway St PO Box 460,Fullerton,NE,68638,,2015-02-27,2026-07-01
3038,Community Pharmacy License,CHI Health Pharmacy - 161st,,16101 Evans St Ste 101 Omaha NE 68116-2020,16101 Evans St Ste 101,Omaha,NE,68116-2020,,2015-02-17,2026-07-01
3039,Community Pharmacy License,Walmart Pharmacy 10-7129,,508 SW 8th St Stop 0500 Bentonville AR 72712-6272,508 SW 8th St,Stop 0500 Bentonville,AR,72712-6272,,2015-02-17,2026-07-01
3053,Community Pharmacy License,"Redler's LTC Pharmacy, LLC",,13831 Chalco Valley Pkwy Ste 101 Omaha NE 68138,13831 Chalco Valley Pkwy Ste 101,Omaha,NE,68138,,2015-07-13,2026-07-01
3054,Community Pharmacy License,Village Pharmacy of Red,,317 N Webster St Red Cloud NE 68970,317 N Webster St,Red Cloud,NE,68970,,2015-07-14,2026-07-01
3059,Community Pharmacy License,Tigers Pharmacy Inc dba,,509 Chief St Benkelman NE 69021,509 Chief St,Benkelman,NE,69021,,2015-08-05,2026-07-01
3058,Community Pharmacy License,ViaRx,,825 N 90th St Omaha NE 68114,825 N 90th St,Omaha,NE,68114,,2015-07-30,2026-07-01
3062,Community Pharmacy License,CVS/Pharmacy #10441,,2307 23rd St Columbus NE 68601,2307 23rd St,Columbus,NE,68601,,2015-09-08,2026-07-01
3063,Community Pharmacy License,Neighborhood LTC Pharmacy,,5115 S 111th St Omaha NE 68137,5115 S 111th St,Omaha,NE,68137,,2015-10-16,2026-07-01
3100,Community Pharmacy License,"Wellness Pharmacy, Inc.",,4640 Champlain Dr Ste 113 Lincoln NE 68521,4640 Champlain Dr Ste 113,Lincoln,NE,68521,,2016-09-01,2026-07-01
3065,Community Pharmacy License,Saunders Medical Center,,1760 County Road J Wahoo NE 68066,1760 County Road,J Wahoo,NE,68066,,2016-01-20,2026-07-01
3066,Community Pharmacy License,David City Discount,,422 5th St David City NE 68632,422 5th St,David City,NE,68632,,2016-01-20,2026-07-01
3078,Community Pharmacy License,CHI Health Pharmacy - 42nd,,4220 L St Ste 101 Omaha NE 68107,4220 L St Ste 101,Omaha,NE,68107,,2016-02-22,2026-07-01
3064,Community Pharmacy License,U Save Pharmacy Lex,,603 North Washington Street Lexington NE 68850,603 North Washington Street,Lexington,NE,68850,,2015-11-30,2026-07-01
3079,Community Pharmacy License,CVS/Pharmacy #16055,,333 N 48th St Lincoln NE 68504-3505,333 N 48th St,Lincoln,NE,68504-3505,,2016-02-22,2026-07-01
3073,Community Pharmacy License,CVS/Pharmacy #16148,,One CVS Drive MC 1160 Woonsocket RI 02895,One CVS Drive,Woonsocket,RI,02895,,2016-01-29,2026-07-01
3074,Community Pharmacy License,CVS/Pharmacy #16297,,4800 3rd Ave Kearney NE 68845-2892,4800 3rd Ave,Kearney,NE,68845-2892,,2016-02-11,2026-07-01
3068,Community Pharmacy License,CVS/Pharmacy #16867,,3808 Twin Creek Dr Bellevue NE 68123-4163,3808 Twin Creek Dr,Bellevue,NE,68123-4163,,2016-01-20,2026-07-01
3072,Community Pharmacy License,CVS/Pharmacy #16903,,17810 W Center Rd Omaha NE 68130-2308,17810 W Center Rd,Omaha,NE,68130-2308,,2016-01-21,2026-07-01
3071,Community Pharmacy License,CVS/Pharmacy #17208,,7200 Dodge St Omaha NE 68114-3673,7200 Dodge St,Omaha,NE,68114-3673,,2016-01-21,2026-07-01
3088,Community Pharmacy License,CVS/Pharmacy #17105,,6636 N 73rd Plz Omaha NE 68122-1803,6636 N 73rd Plz,Omaha,NE,68122-1803,,2016-06-09,2026-07-01
3070,Community Pharmacy License,CVS/Pharmacy #17392,,16959 Evans Plz Omaha NE 68116-2388,16959 Evans Plz,Omaha,NE,68116-2388,,2016-01-20,2026-07-01
3080,Community Pharmacy License,CVS/Pharmacy #17371,,8201 S 40th St Lincoln NE 68516-3005,8201 S 40th St,Lincoln,NE,68516-3005,,2016-02-22,2026-07-01
3069,Community Pharmacy License,CVS/Pharmacy #17446,,12500 K Plz Omaha NE 68137-2207,12500 K Plz,Omaha,NE,68137-2207,,2016-01-20,2026-07-01
3067,Community Pharmacy License,CVS/Pharmacy #16146,,4001 N 132nd St Omaha NE 68164-1839,4001 N 132nd St,Omaha,NE,68164-1839,,2016-01-20,2026-07-01
3081,Community Pharmacy License,Bryan Employee Specialty,,1600 S 48th St Lincoln NE 68506,1600 S 48th St,Lincoln,NE,68506,,2016-02-22,2026-07-01
3102,Community Pharmacy License,Scribner Drugstore,,416 Main St PO Box 439 Scribner NE 68057,416 Main St PO Box 439,Scribner,NE,68057,,2016-09-02,2026-07-01
3096,Community Pharmacy License,Super Saver Pharmacy #28,,710 W State St Grand Island NE 68801,710 W State St,Grand Island,NE,68801,,2016-08-10,2026-07-01
3111,Community Pharmacy License,O'Neill Family Pharmacy,,317 E Douglas Street Oneill NE 68763,317 E Douglas Street,Oneill,NE,68763,,2017-01-03,2026-07-01
3106,Community Pharmacy License,Costco Pharmacy #1237,,12515 Portside Pkwy La Vista NE 68128,12515 Portside Pkwy,La Vista,NE,68128,,2016-11-10,2026-07-01
3114,Community Pharmacy License,Nebraska Medicine Pharmacy,,4014 Leavenworth St Omaha NE 68198,4014 Leavenworth St,Omaha,NE,68198,,2017-01-11,2026-07-01
3120,Community Pharmacy License,Genoa Healthcare LLC,,1 Optum Circle SUITE 100 Eden Prairie MN 55344,1 Optum Circle SUITE 100,Eden Prairie,MN,55344,,2017-04-05,2026-07-01
3115,Community Pharmacy License,Creighton University Campus,,2412 Cuming Ste 201 Omaha NE 68131,2412 Cuming Ste 201,Omaha,NE,68131,,2017-02-03,2026-07-01
3116,Community Pharmacy License,"Alivation Pharmacy, LLC",,8550 Cuthills Cir Lincoln NE 68526,8550 Cuthills Cir,Lincoln,NE,68526,,2017-02-22,2026-07-01
3118,Community Pharmacy License,West Holt Memorial Hospital,,313 West Pearl Street PO Box 277 Atkinson NE 68713,313 West Pearl Street PO Box 277,Atkinson,NE,68713,,2017-03-17,2026-07-01
3117,Community Pharmacy License,Frontier Family Pharmacy,,312 W 8th St Cozad NE 69130,312 W 8th St,Cozad,NE,69130,,2017-03-16,2026-07-01
3126,Community Pharmacy License,Eastern Nebraska Veterans,,12505 Harrison Tull Drive Bellevue NE 68123,12505 Harrison Tull Drive,Bellevue,NE,68123,,2017-08-11,2026-07-01
3130,Community Pharmacy License,Trav's U-Save Pharmacy,,1414 16th St Central City NE 68826,1414 16th St,Central City,NE,68826,,2017-10-25,2026-07-01
3133,Community Pharmacy License,Wells Drug,,113 S 4th St Albion NE 68620-1215,113 S 4th St,Albion,NE,68620-1215,,2017-11-02,2026-07-01
3132,Community Pharmacy License,"Accredo Health Group, Inc",,19060 Q St Ste 101 Omaha NE 68135,19060 Q St Ste 101,Omaha,NE,68135,,2017-10-25,2026-07-01
3137,Community Pharmacy License,Healing Gift Free Clinic,,2650 Farnam St Rm 213 Omaha NE 68131,2650 Farnam St Rm 213,Omaha,NE,68131,,2018-02-07,2026-07-01
3135,Community Pharmacy License,Redline Pharmacy Solutions,,2415 Osborne Dr. East Ste 100 Hastings NE 68901,2415 Osborne Dr. East Ste 100,Hastings,NE,68901,,2017-11-22,2026-07-01
3128,Community Pharmacy License,Walgreens #03269,,PO Box 901 Deerfield IL 60015,PO Box 901,Deerfield,IL,60015,,2017-09-25,2026-07-01
3138,Community Pharmacy License,Costco Pharmacy # 1285,,1620 Pine Lake Rd Lincoln NE 68512,1620 Pine Lake Rd,Lincoln,NE,68512,,2018-02-13,2026-07-01
3139,Community Pharmacy License,Children's Home Healthcare,,3000 South 84th Street Omaha NE 68124,3000 South 84th Street,Omaha,NE,68124,,2018-03-01,2026-07-01
3144,Community Pharmacy License,Super Saver Pharmacy #11,,5460 S 56th St Lincoln NE 68516,5460 S 56th St,Lincoln,NE,68516,,2018-07-09,2026-07-01
3142,Community Pharmacy License,"Cardinal Health 414, LLC",,3510 Village Dr Ste A Lincoln NE 68516,3510 Village Dr Ste A,Lincoln,NE,68516,,2018-04-05,2026-07-01
3147,Community Pharmacy License,Nebraska Hematology-,,4004 Pioneer Woods Dr Lincoln NE 68506,4004 Pioneer Woods Dr,Lincoln,NE,68506,,2018-07-09,2026-07-01
3140,Community Pharmacy License,Bemis Drug LLC,,129 S Chestnut St Kimball NE 69145,129 S Chestnut St,Kimball,NE,69145,,2018-03-30,2026-07-01
3152,Community Pharmacy License,Sidney Regional Medical,,1000 Pole Creek Crossing Sidney NE 69162,1000 Pole Creek Crossing,Sidney,NE,69162,,2018-09-14,2026-07-01
3156,Community Pharmacy License,Dave's Pharmacy,,301 Wyoming Ave Hemingford NE 69348,301 Wyoming Ave,Hemingford,NE,69348,,2018-12-11,2026-07-01
3154,Community Pharmacy License,University of Nebraska Health,,550 N 19th St Lincoln NE 68588-0046,550 N 19th St,Lincoln,NE,68588-0046,,2018-09-21,2026-07-01
3165,Community Pharmacy License,Methodist Fremont Health,,450 E 23rd St Fremont NE 68025,450 E 23rd St,Fremont,NE,68025,,2019-04-29,2026-07-01
3155,Community Pharmacy License,Keller Pharmacy,,101 W 3rd St PO Box 365 Ponca NE 68770,101 W 3rd St PO Box 365,Ponca,NE,68770,,2018-11-21,2026-07-01
3157,Community Pharmacy License,Valley Pharmacy Inc,,211 W 33rd St Kearney NE 68845,211 W 33rd St,Kearney,NE,68845,,2018-12-13,2026-07-01
3164,Community Pharmacy License,"SAKRX, LLC dba Kohll's Rx",,12741 Q St Omaha NE 68137,12741 Q St,Omaha,NE,68137,,2019-04-18,2026-07-01
3170,Community Pharmacy License,"SAKRX, LLC dba Kohll's Rx",,12741 Q St Omaha NE 68137,12741 Q St,Omaha,NE,68137,,2019-07-18,2026-07-01
3162,Community Pharmacy License,"SAKRX, LLC dba Kohll's Rx",,12741 Q St Omaha NE 68137,12741 Q St,Omaha,NE,68137,,2019-04-11,2026-07-01
3169,Community Pharmacy License,"SAKRX, LLC dba Kohll's Rx",,12741 Q St Omaha NE 68137,12741 Q St,Omaha,NE,68137,,2019-07-18,2026-07-01
3158,Community Pharmacy License,The Apothecary Shop,,PO Box 628 Pender NE 68047-0628,PO Box 628,Pender,NE,68047-0628,,2019-01-02,2026-07-01
3159,Community Pharmacy License,Central Nebraska Veterans,,4510 E 56th St Kearney NE 68847,4510 E 56th St,Kearney,NE,68847,,2019-01-11,2026-07-01
3178,Community Pharmacy License,Hy-Vee Pharmacy (7090),,5820 Westown Pkwy West Des Moines IA 50266-8223,5820 Westown Pkwy,West Des Moines,IA,50266-8223,,2019-10-01,2026-07-01
3179,Community Pharmacy License,Providence Community,,1200 Providence Rd Wayne NE 68787-1590,1200 Providence Rd,Wayne,NE,68787-1590,,2019-10-02,2026-07-01
3184,Community Pharmacy License,Nebraska LTC Pharmacy,,9301 Keystone Dr Lincoln NE 68516,9301 Keystone Dr,Lincoln,NE,68516,,2019-12-03,2026-07-01
3167,Community Pharmacy License,U-Save Pharmacy,,3611 2nd Ave Kearney NE 68847,3611 2nd Ave,Kearney,NE,68847,,2019-06-24,2026-07-01
3166,Community Pharmacy License,Medicine Man Pharmacy,,15615 Pacific St Ste 8 Omaha NE 68118,15615 Pacific St Ste 8,Omaha,NE,68118,,2019-06-24,2026-07-01
3186,Community Pharmacy License,Genoa Healthcare LLC,,1 Optum Circle SUITE 100 Eden Prairie MN 55344,1 Optum Circle SUITE 100,Eden Prairie,MN,55344,,2019-12-20,2026-07-01
3185,Community Pharmacy License,Lincoln Pharmacy,,2636 Ridgeline Ct Lincoln NE 68516,2636 Ridgeline Ct,Lincoln,NE,68516,,2019-12-20,2026-07-01
3176,Community Pharmacy License,Sutton Pharmacy,,702 12th St Belleville KS 66935,702 12th St,Belleville,KS,66935,,2019-08-30,2026-07-01
3177,Community Pharmacy License,Innovative Rx,,6005 Dunbar Rd Elm Creek NE 68836,6005 Dunbar Rd,Elm Creek,NE,68836,,2019-09-25,2026-07-01
3187,Community Pharmacy License,Syracuse U-Save Pharmacy,,1701 Poplar St. P.O Box 220 Syracuse NE 68446,1701 Poplar St. P.O Box 220,Syracuse,NE,68446,,2020-02-20,2026-07-01
3181,Community Pharmacy License,Chief Drug,,123 S 3rd St Tecumseh NE 68450,123 S 3rd St,Tecumseh,NE,68450,,2019-11-01,2026-07-01
3197,Community Pharmacy License,Plainview Family Pharmacy,,602 NW Park Circle Dr PO Box 616 Hartington NE 68739,602 NW Park Circle Dr PO Box 616,Hartington,NE,68739,,2020-09-17,2026-07-01
3188,Community Pharmacy License,J Kohll RX,,16705 Ontario Plz Omaha NE 68154,16705 Ontario Plz,Omaha,NE,68154,,2020-03-13,2026-07-01
3198,Community Pharmacy License,Neighborhood LTC Pharmacy,,1265 S Cotner Blvd Ste 30 Lincoln NE 68510,1265 S Cotner Blvd Ste 30,Lincoln,NE,68510,,2020-10-05,2026-07-01
3204,Community Pharmacy License,Frontier Family Pharmacy,,1620 O St Cozad NE 69130,1620 O St,Cozad,NE,69130,,2020-10-30,2026-07-01
3210,Community Pharmacy License,U Save Pharmacy 4th St,,423 W 4th St Grand Island NE 68801,423 W 4th St,Grand Island,NE,68801,,2021-01-25,2026-07-01
3193,Community Pharmacy License,Paragon Partners,,110 S 52nd ST Omaha NE 68132,110 S 52nd ST,Omaha,NE,68132,,2020-06-17,2026-07-01
3205,Community Pharmacy License,Meadowlark Pharmacy,,PO Box 426 Hickman NE 68372-9406,PO Box 426,Hickman,NE,68372-9406,,2020-10-30,2026-07-01
3206,Community Pharmacy License,Kohll's Extended Care,,107 S 128th Plz Omaha NE 68154,107 S 128th Plz,Omaha,NE,68154,,2020-11-18,2026-07-01
3203,Community Pharmacy License,Heart City Drug,,110 N Main St Valentine NE 69201,110 N Main St,Valentine,NE,69201,,2020-10-30,2026-07-01
3195,Community Pharmacy License,Franklin Drug,,2414 Road 1625 Blue Hill NE 68930,2414 Road,1625 Blue Hill,NE,68930,,2020-07-28,2026-07-01
3199,Community Pharmacy License,RxSolutions,,12704 S 71st St Papillion NE 68133,12704 S 71st St,Papillion,NE,68133,,2020-10-14,2026-07-01
3196,Community Pharmacy License,Stoner Drug,,2115 14th St Ste 201 Auburn NE 68305,2115 14th St Ste 201,Auburn,NE,68305,,2020-08-27,2026-07-01
3218,Community Pharmacy License,Genoa Healthcare LLC,,1 Optum Circle SUITE 100 Eden Prairie MN 55344,1 Optum Circle SUITE 100,Eden Prairie,MN,55344,,2021-06-17,2026-07-01
3217,Community Pharmacy License,Alliance Community,,2409 Box Butte Ave Alliance NE 69301,2409 Box Butte Ave,Alliance,NE,69301,,2021-06-01,2026-07-01
3202,Community Pharmacy License,Hays Pharmacy,,706 W Main Street Alma NE 68920,706 W Main Street,Alma,NE,68920,,2020-10-30,2026-07-01
3207,Community Pharmacy License,Brehm Rexall Drug Inc,,608 Howard Avenue PO Box 185 Saint Paul NE 68873,608 Howard Avenue PO Box 185,Saint Paul,NE,68873,,2020-12-03,2026-07-01
3208,Community Pharmacy License,Community Pharmacy,,21689 Northstar Drive PO Box 524 Gretna NE 68028,21689 Northstar Drive PO Box 524,Gretna,NE,68028,,2020-12-22,2026-07-01
3209,Community Pharmacy License,Thayer County Pharmacy,,428 Lincoln Ave Hebron NE 68370,428 Lincoln Ave,Hebron,NE,68370,,2020-12-30,2026-07-01
3216,Community Pharmacy License,Precision Direct Rx,,11605 Miracle Hills Drive Suite 100 Omaha NE 68154,11605 Miracle Hills Drive Suite 100,Omaha,NE,68154,,2021-04-08,2026-07-01
3226,Community Pharmacy License,U-Save Pharmacy,,13851 Guildford St Ste D Waverly NE 68462,13851 Guildford St Ste D,Waverly,NE,68462,,2021-12-13,2026-07-01
3215,Community Pharmacy License,Sav-RX Pharmacy,,1855 N Airport Rd Fremont NE 68025,1855 N Airport Rd,Fremont,NE,68025,,2021-03-31,2026-07-01
3224,Community Pharmacy License,Franciscan Pharmacy,,435 N Monitor St West Point NE 68788,435 N Monitor St,West Point,NE,68788,,2021-12-03,2026-07-01
3220,Community Pharmacy License,Atlas RX,,11923 Pacific St. Suite A Omaha NE 68154,11923 Pacific St. Suite A,Omaha,NE,68154,,2021-08-26,2026-07-01
3228,Community Pharmacy License,Wisner Apothecary,,118 18th St Wisner NE 68791,118 18th St,Wisner,NE,68791,,2021-12-29,2026-07-01
3232,Community Pharmacy License,Senior RX Care of Nebraska,,5501 Alvo Road Lincoln NE 68514,5501 Alvo Road,Lincoln,NE,68514,,2022-02-09,2026-07-01
3229,Community Pharmacy License,Syracuse Area Health Retail,,7512 Highway 50 Weeping Water NE 68463,7512 Highway 50,Weeping Water,NE,68463,,2021-12-30,2026-07-01
3237,Community Pharmacy License,Hy-vee Inc dba Hy-vee,,11651 South 154th St Suite 200 Omaha NE 68138-3608,11651 South 154th St Suite 200,Omaha,NE,68138-3608,,2022-04-01,2026-07-01
3227,Community Pharmacy License,Spamm LLC dba Medicine,,122 W 16th St Schuyler NE 68661,122 W 16th St,Schuyler,NE,68661,,2021-12-28,2026-07-01
3225,Community Pharmacy License,Wahoo Man LLC dba,,526 N Linden St Wahoo NE 68066,526 N Linden St,Wahoo,NE,68066,,2021-12-10,2026-07-01
3242,Community Pharmacy License,Siouxland Community Health,,3410 Futures Drive South Sioux City NE 68776,3410 Futures Drive,South Sioux City,NE,68776,,2022-10-12,2026-07-01
3231,Community Pharmacy License,"Covetrus North America, LLC",,5013 South 110th Omaha NE 68137,5013 South 110th,Omaha,NE,68137,,2022-01-26,2026-07-01
3235,Community Pharmacy License,Henderson Pharmacy LLC,,1060 N Main St PO Box 711 Henderson NE 68371,1060 N Main St PO Box 711,Henderson,NE,68371,,2022-03-29,2026-07-01
3236,Community Pharmacy License,Core LTC Pharmacy,,7428 Eastport Parkway Suite 101 La Vista NE 68128,7428 Eastport Parkway Suite 101,La Vista,NE,68128,,2022-03-29,2026-07-01
3234,Community Pharmacy License,Diabetes Supply Center of the,,10304 Crown Point Avenue Omaha NE 68134,10304 Crown Point Avenue,Omaha,NE,68134,,2022-03-11,2026-07-01
3239,Community Pharmacy License,CHI Health Pharmacy-,,"6829 N 72nd St, Suite 2160 Omaha NE 68122","6829 N 72nd St, Suite 2160",Omaha,NE,68122,,2022-06-17,2026-07-01
3258,Community Pharmacy License,Nebraska Medicine Hub,,770 N 114th Street Omaha NE 68154,770 N 114th Street,Omaha,NE,68154,,2023-03-14,2026-07-01
3256,Community Pharmacy License,Methodist Women's Hospital,,707 N. 190th Plaza Elkhorn NE 68022,707 N. 190th Plaza,Elkhorn,NE,68022,,2023-03-09,2026-07-01
3240,Community Pharmacy License,Guardian Pharmacy of Grand,,"2208 N Webb Rd, Unit 3 Grand Island NE 68803","2208 N Webb Rd, Unit 3",Grand Island,NE,68803,,2022-07-18,2026-07-01
3255,Community Pharmacy License,Merrick Medical Center,,2802 28th St PO Box 417 Central City NE 68826,2802 28th St PO Box 417,Central City,NE,68826,,2023-03-08,2026-07-01
3250,Community Pharmacy License,Tibbals Street Pharmacy,,"1215 Tibbals Street, Suite 100 Holdrege NE 68949","1215 Tibbals Street, Suite 100",Holdrege,NE,68949,,2023-01-18,2026-07-01
3241,Community Pharmacy License,Elmwood Pharmacy,,5203 Leavenworth Omaha NE 68106,5203 Leavenworth,Omaha,NE,68106,,2022-08-12,2026-07-01
3251,Community Pharmacy License,Genoa Healthcare LLC,,1 Optum Circle SUITE 100 Eden Prairie MN 55344,1 Optum Circle SUITE 100,Eden Prairie,MN,55344,,2023-02-06,2026-07-01
3253,Community Pharmacy License,CHI Health Pharmacy -,,"4055 Yankee Hill Road, Suite 101 Lincoln NE 68516","4055 Yankee Hill Road, Suite 101",Lincoln,NE,68516,,2023-02-27,2026-07-01
3244,Community Pharmacy License,Custom Prescriptions Inc dba,,424 E Street Fairbury NE 68352,424 E Street,Fairbury,NE,68352,,2022-10-25,2026-07-01
3248,Community Pharmacy License,South Loup Community,,200 E Pacific Callaway NE 68825,200 E Pacific,Callaway,NE,68825,,2022-12-16,2026-07-01
3267,Community Pharmacy License,Sidney Regional Medical,,1000 Pole Creek Crossing STE 237 Sidney NE 69162,1000 Pole Creek Crossing STE 237,Sidney,NE,69162,,2023-11-14,2026-07-01
3246,Community Pharmacy License,Cody's U Save Pharmacy,,1821 S 11th ST Nebraska City NE 68410,1821 S 11th ST,Nebraska City,NE,68410,,2022-12-09,2026-07-01
3254,Community Pharmacy License,Stockmen's Drug,,116 N Main ST Gordon NE 69343,116 N Main ST,Gordon,NE,69343,,2023-02-27,2026-07-01
3259,Community Pharmacy License,Superior Pharmacy,,348 N Central AVE Superior NE 68978,348 N Central AVE,Superior,NE,68978,,2023-07-12,2026-07-01
3261,Community Pharmacy License,Nebraska Medicine Village,,17405 Burke ST STE 0026 Omaha NE 68118,17405 Burke ST STE 0026,Omaha,NE,68118,,2023-07-27,2026-07-01
3263,Community Pharmacy License,Children's Hospital & Medical,,8200 Dodge Street Omaha NE 68114,8200 Dodge Street,Omaha,NE,68114,,2023-09-01,2026-07-01
3262,Community Pharmacy License,Genoa Healthcare LLC,,1 Optum Circle SUITE 100 Eden Prairie MN 55344,1 Optum Circle SUITE 100,Eden Prairie,MN,55344,,2023-07-28,2026-07-01
3268,Community Pharmacy License,Alegent Creighton Health dba,,1625 N 205th ST STE 101 Elkhorn NE 68022,1625 N 205th ST STE 101,Elkhorn,NE,68022,,2023-11-14,2026-07-01
3260,Community Pharmacy License,Hy-Vee Pharmacy (1227),,10855 South 191st St Omaha NE 68136,10855 South 191st St,Omaha,NE,68136,,2023-07-19,2026-07-01
3265,Community Pharmacy License,Genoa Healthcare LLC,,1 Optum Circle SUITE 100 Eden Prairie MN 55344,1 Optum Circle SUITE 100,Eden Prairie,MN,55344,,2023-09-13,2026-07-01
3298,Community Pharmacy License,Walgreens #21578,,"6005 N 72nd Street, Suite 2 Omaha NE 68134","6005 N 72nd Street, Suite 2",Omaha,NE,68134,,2025-08-05,2026-07-01
3266,Community Pharmacy License,Rock County Pharmacy,,103 W HWY 20 Bassett NE 68714,103 W HWY 20,Bassett,NE,68714,,2023-09-13,2026-07-01
3264,Community Pharmacy License,Nebraska Orthopaedic,,2808 S 143rd PLZ Omaha NE 68144,2808 S 143rd PLZ,Omaha,NE,68144,,2023-09-01,2026-07-01
3272,Community Pharmacy License,Genoa Healthcare LLC,,1 Optum Circle SUITE 100 Eden Prairie MN 55344,1 Optum Circle SUITE 100,Eden Prairie,MN,55344,,2024-01-22,2026-07-01
3269,Community Pharmacy License,Heartland Veterinary,,401 W 33rd ST Hastings NE 68901,401 W 33rd ST,Hastings,NE,68901,,2023-11-14,2026-07-01
3271,Community Pharmacy License,Nebraska Medicine Home,,12565 W Center RD STE 120 Omaha NE 68144,12565 W Center RD STE 120,Omaha,NE,68144,,2023-12-22,2026-07-01
3274,Community Pharmacy License,"Nebraska Long Term Care,",,910 Court ST STE D Beatrice NE 68310,910 Court ST STE D,Beatrice,NE,68310,,2024-01-23,2026-07-01
3273,Community Pharmacy License,"Deines Pharmacy Beatrice,",,910 Court ST Beatrice NE 68310,910 Court ST,Beatrice,NE,68310,,2024-01-23,2026-07-01
3288,Community Pharmacy License,Premier Compounding LLC,,2206 Longo DR STE 209 Bellevue NE 68005,2206 Longo DR STE 209,Bellevue,NE,68005,,2024-11-06,2026-07-01
3280,Community Pharmacy License,Guardian Pharmacy of,,11171 Mill Valley Road Omaha NE 68154,11171 Mill Valley Road,Omaha,NE,68154,,2024-07-15,2026-07-01
3277,Community Pharmacy License,Cancer Partners of Nebraska,,4101 Tiger Lily Road Suite 100 Lincoln NE 68516,4101 Tiger Lily Road Suite 100,Lincoln,NE,68516,,2024-05-01,2026-07-01
3276,Community Pharmacy License,HealthFirst Pharmacy,,540 G Street Pawnee City NE 68420,540 G Street,Pawnee City,NE,68420,,2024-04-16,2026-07-01
3283,Community Pharmacy License,Genoa Healthcare LLC,,1 Optum Circle SUITE 100 Eden Prairie MN 55344,1 Optum Circle SUITE 100,Eden Prairie,MN,55344,,2024-07-30,2026-07-01
3275,Community Pharmacy License,Bert's Pharmacy,,2929 Westown Parkway STE 100 West Des Moines IA 50266,2929 Westown Parkway STE 100,West Des Moines,IA,50266,,2024-04-16,2026-07-01
3279,Community Pharmacy License,Walgreens #21446,,10819 S 192nd Avenue Gretna NE 68028,10819 S 192nd Avenue,Gretna,NE,68028,,2024-07-03,2026-07-01
3281,Community Pharmacy License,Costco Pharmacy #1690,,PO Box 35005 Seattle WA 98124-3405,PO Box 35005,Seattle,WA,98124-3405,,2024-07-30,2026-07-01
3287,Community Pharmacy License,Alegent Creighton Health dba,,"6801 Newport Ave, Suite 101 Omaha NE 68152","6801 Newport Ave, Suite 101",Omaha,NE,68152,,2024-10-21,2026-07-01
3285,Community Pharmacy License,Hilltop Community Pharmacy,,108 West 11th St Neligh NE 68756,108 West 11th St,Neligh,NE,68756,,2024-09-18,2026-07-01
3291,Community Pharmacy License,Bonsai Health,,4224 S 50th Street Omaha NE 68117,4224 S 50th Street,Omaha,NE,68117,,2024-12-06,2026-07-01
3292,Community Pharmacy License,Nebraska Medicine Kearney,,412 West 42nd St. Room 7 Kearney NE 68845,412 West 42nd St. Room 7,Kearney,NE,68845,,2025-02-03,2026-07-01
3290,Community Pharmacy License,Ainsworth Pharmacy,,255 North Main Ainsworth NE 69210,255 North Main,Ainsworth,NE,69210,,2024-11-13,2026-07-01
3294,Community Pharmacy License,Miller Pharmacy Specialties,,322 E 22nd Street Fremont NE 68025,322 E 22nd Street,Fremont,NE,68025,,2025-03-25,2026-07-01
3297,Community Pharmacy License,Great Plains Health,,601 West Leota Suite 100 North Platte NE 69101,601 West Leota Suite 100,North Platte,NE,69101,,2025-07-07,2026-07-01
3293,Community Pharmacy License,Franciscan Pharmacy,,211 N Engdahl AVE STE A Oakland NE 68045,211 N Engdahl AVE STE A,Oakland,NE,68045,,2025-03-07,2026-07-01
3295,Community Pharmacy License,Trav's U-Save Pharmacy,,415 Hawkeye St Osceola NE 68651,415 Hawkeye St,Osceola,NE,68651,,2025-03-28,2026-07-01
3296,Community Pharmacy License,Consultants in Infectious,,3901 Pine Lake Road Lincoln NE 68516,3901 Pine Lake Road,Lincoln,NE,68516,,2025-07-07,2026-07-01
3300,Community Pharmacy License,Heartland Health Center,,"2116,W Faidley Ave. Ste #2100 Grand Island NE 68803","2116,W Faidley Ave. Ste #2100",Grand Island,NE,68803,,2025-11-20,2026-07-01
3299,Community Pharmacy License,CVS/Pharmacy #17935,,3400 W 13th St. Grand Island NE 68803,3400 W 13th St.,Grand Island,NE,68803,,2025-11-14,2026-07-01
3301,Community Pharmacy License,"Kubat Custom Healthcare,",,11107 Mill Valley Road Omaha NE 68154,11107 Mill Valley Road,Omaha,NE,68154,,2025-12-22,2026-07-01
